date,casual,member,total_rides,casual_share,avg_ride_length_mins,avg_casual_ride_length_mins,avg_member_ride_length_mins,temp_max,temp_min,temp_mean,precip_mm,rain_any,rain_1mm,rain_5mm
2025-01-01,346,832,1178,0.2937181663837012,8.990863596491229,13.314307803468209,7.19289280849359,10.9,3.9,7.4,4.5,1,1,0
2025-01-02,220,1489,1709,0.12873025160912815,6.826267973473766,8.32084643939394,6.605443754197448,5.4,0.3,2.6,0.0,0,0,0
2025-01-03,274,1496,1770,0.15480225988700566,6.765169792843691,8.799531326034064,6.392566143048128,3.2,-1.9,0.4,0.0,0,0,0
2025-01-04,265,1072,1337,0.19820493642483172,7.481250473697332,9.231497421383647,7.048586815920398,-0.1,-2.7,-1.4,0.0,0,0,0
2025-01-05,217,972,1189,0.1825063078216989,6.916327403980937,8.787101766513057,6.498675102880658,0.3,-3.6,-2.2,0.0,0,0,0
2025-01-06,135,1254,1389,0.09719222462203024,6.77772956563475,8.003167777777778,6.645804399255716,-1.5,-4.4,-2.3,1.7,1,1,0
2025-01-07,166,1417,1583,0.10486418193303854,6.381317803748157,7.525201506024096,6.247313079275465,-3.0,-8.7,-5.2,0.0,0,0,0
2025-01-08,184,1457,1641,0.11212675198049969,5.990162847856999,7.45551902173913,5.805107572637841,-2.5,-6.6,-4.3,0.0,0,0,0
2025-01-09,185,1476,1661,0.11137868753762793,6.754058087497492,6.772103423423424,6.751796307588076,-1.5,-6.8,-4.2,0.0,0,0,0
2025-01-10,252,1682,1934,0.13029989658738367,6.755331721820062,8.425853703703705,6.505051377328577,3.3,-3.8,-0.9,0.0,0,0,0
2025-01-11,270,1250,1520,0.17763157894736842,7.401168673245614,8.539332777777778,7.155325226666666,0.4,-2.9,-1.2,2.0,1,1,0
2025-01-12,305,1175,1480,0.20608108108108109,8.011004797297296,10.915283005464481,7.257128326241134,4.8,-1.9,0.6,0.0,0,0,0
2025-01-13,237,1885,2122,0.1116870876531574,6.615537338988376,7.520845569620253,6.501713439434129,6.6,-1.9,1.3,0.0,0,0,0
2025-01-14,188,1851,2039,0.0922020598332516,6.232334126205656,8.122537145390071,6.040352404105889,0.3,-3.7,-1.7,0.0,0,0,0
2025-01-15,184,1715,1899,0.09689310163243813,6.401152650517816,8.16110045289855,6.212330262390671,-1.0,-5.7,-3.4,0.0,0,0,0
2025-01-16,230,1765,1995,0.11528822055137844,6.342927376775272,7.456979275362318,6.197753474976393,-0.6,-5.9,-3.2,0.3,1,0,0
2025-01-17,293,1810,2103,0.1393247741321921,6.642838056744334,7.663203469852104,6.47766288213628,5.0,-4.9,-0.7,0.0,0,0,0
2025-01-18,259,1076,1335,0.1940074906367041,7.572303832709113,8.86078725868726,7.262157729244114,6.5,-0.9,2.8,2.1,1,1,0
2025-01-19,179,826,1005,0.1781094527363184,7.912267180762853,12.962217504655495,6.817907485875706,2.6,-2.0,0.7,8.8,1,1,1
2025-01-20,82,678,760,0.10789473684210527,7.860783552631578,8.761864024390244,7.75180331858407,-2.6,-10.5,-7.1,0.2,1,0,0
2025-01-21,101,1141,1242,0.08132045088566828,6.571572463768116,8.37276798679868,6.412132719836401,-8.4,-15.8,-11.4,0.4,1,0,0
2025-01-22,105,1204,1309,0.08021390374331551,6.194314960529666,6.754204126984127,6.145487416943522,-8.1,-16.6,-11.8,0.0,0,0,0
2025-01-23,188,1447,1635,0.11498470948012232,6.530385351681958,8.419071985815604,6.284999665975582,-3.5,-13.1,-8.6,0.0,0,0,0
2025-01-24,200,1512,1712,0.11682242990654206,6.923573052959502,7.252379666666667,6.8800801146384485,-1.0,-10.6,-6.3,0.0,0,0,0
2025-01-25,252,1149,1401,0.17987152034261242,6.955110837497026,7.5726916005291,6.819662315056571,-2.0,-13.0,-7.0,0.0,0,0,0
2025-01-26,254,1201,1455,0.17457044673539518,7.279185761741123,9.274694225721785,6.85715482930891,4.1,-5.6,-1.0,0.0,0,0,0
2025-01-27,199,1831,2030,0.0980295566502463,6.1052941789819375,6.961581658291457,6.012229619515747,2.0,-4.8,-1.3,0.0,0,0,0
2025-01-28,245,1953,2198,0.11146496815286625,6.441952070063694,8.694372789115647,6.159390331114525,4.4,-3.0,0.7,0.0,0,0,0
2025-01-29,260,2097,2357,0.1103097157403479,6.664445318908216,8.259131794871795,6.466725488793514,9.1,0.3,4.1,0.0,0,0,0
2025-01-30,217,1812,2029,0.10694923607688517,6.057513150977493,5.889266513056835,6.077661892935982,1.0,-6.2,-2.0,0.0,0,0,0
2025-01-31,226,1328,1554,0.14543114543114544,6.832380866580867,8.98528790560472,6.465997590361447,6.2,0.7,3.6,10.3,1,1,1
2025-02-01,303,1134,1437,0.21085594989561587,7.299942495940617,9.575036853685368,6.692046913580247,6.2,-5.8,0.7,2.4,1,1,0
2025-02-02,195,902,1097,0.17775752051048313,7.963868580978426,9.92048205128205,7.5408756467110125,1.4,-9.6,-4.5,1.2,1,1,0
2025-02-03,207,1588,1795,0.11532033426183844,7.011788449396471,9.37193115942029,6.704137604953821,6.1,-3.0,1.9,0.3,1,0,0
2025-02-04,214,1846,2060,0.10388349514563107,6.9244220954692555,8.045393925233645,6.794471948356808,6.2,-0.5,3.6,0.3,1,0,0
2025-02-05,216,1771,1987,0.10870659285354806,7.002087627914779,7.849166358024691,6.898773677771503,1.8,-3.5,-1.4,0.0,0,0,0
2025-02-06,136,1034,1170,0.11623931623931624,6.841709088319088,8.315547916666667,6.647857946486138,4.4,-1.9,1.1,8.5,1,1,1
2025-02-07,224,1699,1923,0.11648465938637545,7.022123010920437,8.465419345238095,6.8318355601334115,5.1,-2.7,1.4,0.0,0,0,0
2025-02-08,205,1126,1331,0.15401953418482345,7.776331154520411,9.700727073170732,7.425974881586737,1.1,-4.4,-1.8,7.8,1,1,1
2025-02-09,115,599,714,0.16106442577030813,7.7895803921568625,10.58772927536232,7.252373177518085,1.4,-2.2,-0.1,6.4,1,1,1
2025-02-10,134,1343,1477,0.0907244414353419,7.6853183141503045,11.646352736318407,7.290099689749318,0.6,-5.2,-2.1,0.0,0,0,0
2025-02-11,174,1490,1664,0.1045673076923077,7.023773537660256,8.661735153256705,6.832494798657718,-0.2,-9.2,-4.2,1.2,1,1,0
2025-02-12,140,1344,1484,0.09433962264150944,6.501308692722372,7.340294285714286,6.413914360119048,0.4,-2.2,-0.7,4.5,1,1,0
2025-02-13,186,1546,1732,0.10739030023094688,7.354312827174749,9.154950806451613,7.137677210004312,7.2,0.6,3.4,6.6,1,1,1
2025-02-14,272,1518,1790,0.15195530726256984,7.189916722532589,9.968136825980393,6.69210653271849,1.0,-3.2,-1.1,0.0,0,0,0
2025-02-15,149,780,929,0.1603875134553283,7.207935809113742,10.473306599552572,6.5841662606837605,1.7,-4.0,-1.0,6.9,1,1,1
2025-02-16,99,483,582,0.17010309278350516,7.64943178694158,10.751615319865321,7.013580503795721,7.4,0.9,3.0,23.1,1,1,1
2025-02-17,165,990,1155,0.14285714285714285,7.061256522366522,8.897073131313132,6.755287087542087,0.9,-3.5,-1.5,0.0,0,0,0
2025-02-18,132,1273,1405,0.09395017793594305,6.290802372479241,7.5893335858585855,6.156154988216811,-3.0,-8.4,-5.3,0.0,0,0,0
2025-02-19,137,1408,1545,0.08867313915857605,6.202748802588997,7.005440389294404,6.12464599905303,-1.1,-9.2,-5.2,0.0,0,0,0
2025-02-20,156,1335,1491,0.10462776659959759,6.197203968253969,8.091678952991455,5.975827116104869,-1.0,-8.6,-4.8,0.9,1,0,0
2025-02-21,174,1366,1540,0.11298701298701298,6.827632424242424,8.529248659003832,6.610881893606638,-0.2,-6.3,-3.9,0.0,0,0,0
2025-02-22,291,1216,1507,0.1930988719309887,7.980616766202168,11.10644581901489,7.232577083333332,3.7,-7.3,-2.1,0.0,0,0,0
2025-02-23,307,1145,1452,0.21143250688705234,9.406433149678605,14.058435342019544,8.159127758369724,7.9,-1.8,2.5,0.0,0,0,0
2025-02-24,227,1831,2058,0.11030126336248786,6.719173817622287,8.268628560939794,6.527078663753869,8.3,-1.8,3.4,0.0,0,0,0
2025-02-25,308,2148,2456,0.1254071661237785,6.834081630021716,8.932783658008658,6.533150426753569,12.6,3.7,7.1,0.0,0,0,0
2025-02-26,322,2270,2592,0.12422839506172839,7.057801774691358,9.56521361283644,6.702124853157121,13.8,2.4,7.2,0.1,1,0,0
2025-02-27,301,2000,2301,0.13081269013472405,6.973260589598725,9.31156965669989,6.621345075,12.1,4.7,8.5,9.2,1,1,1
2025-02-28,414,2142,2556,0.1619718309859155,7.448928873239438,9.91115273752013,6.973036865857455,9.8,1.9,6.1,0.0,0,0,0
2025-03-01,503,1652,2155,0.2334106728538283,8.857670030935807,11.785465639496355,7.96621652542373,16.0,-0.8,7.0,0.0,0,0,0
2025-03-02,217,922,1139,0.19051799824407376,7.650473397717295,10.861020353302612,6.894845751988431,0.6,-7.2,-3.4,0.0,0,0,0
2025-03-03,222,1808,2030,0.10935960591133005,6.525170418719212,9.262398498498499,6.189072723082596,3.7,-5.6,-1.5,0.0,0,0,0
2025-03-04,309,2099,2408,0.12832225913621262,6.810203038482834,9.241024649406688,6.452354597427346,12.9,-2.0,4.8,0.0,0,0,0
2025-03-05,187,1467,1654,0.11305925030229746,6.59173894598952,8.838842691622103,6.305298318563962,12.6,5.7,9.7,39.2,1,1,1
2025-03-06,302,2054,2356,0.12818336162988114,6.783448740803622,8.761321357615895,6.492641764037651,12.2,2.3,9.6,2.9,1,1,0
2025-03-07,378,1958,2336,0.1618150684931507,6.932857227454338,8.638515564373897,6.603572829417773,8.2,-0.8,3.8,0.0,0,0,0
2025-03-08,400,1608,2008,0.199203187250996,7.3453080262284205,8.832696583333334,6.975310872719734,6.2,1.0,3.6,0.0,0,0,0
2025-03-09,358,1343,1701,0.2104644326866549,8.732855692729768,11.13875395716946,8.091521680317697,10.4,-2.3,3.7,0.0,0,0,0
2025-03-10,434,2307,2741,0.1583363735862824,8.313820375775263,13.75737089093702,7.289762758271926,17.1,3.7,9.5,0.0,0,0,0
2025-03-11,495,2548,3043,0.16266841932303647,7.713062788914448,12.224722323232323,6.836582620355835,16.1,2.8,9.5,0.0,0,0,0
2025-03-12,400,2285,2685,0.148975791433892,6.96610974549969,8.863172583333334,6.634019970824216,11.4,3.2,7.5,0.0,0,0,0
2025-03-13,438,2293,2731,0.16038081288905162,6.6682701330404,9.30074589041096,6.165424785579299,10.4,2.0,5.7,0.0,0,0,0
2025-03-14,530,2194,2724,0.1945668135095448,8.020497393538914,11.32655786163522,7.221859267699788,12.9,0.8,6.0,0.0,0,0,0
2025-03-15,590,1651,2241,0.26327532351628735,8.212372259408001,10.504844406779661,7.393136301231577,9.2,3.7,6.6,0.5,1,0,0
2025-03-16,546,1380,1926,0.2834890965732087,9.228471763586017,12.847991483516484,7.796400917874396,15.9,7.4,12.7,8.2,1,1,1
2025-03-17,268,1684,1952,0.13729508196721313,6.803416017759563,8.469592288557214,6.538252573238321,14.8,3.3,11.6,30.9,1,1,1
2025-03-18,434,2375,2809,0.15450338198647207,7.158989349709269,10.474839823348693,6.553061305263157,14.1,0.7,6.8,0.0,0,0,0
2025-03-19,466,2436,2902,0.160578911095796,7.756678560762693,11.988341630901289,6.9471732279693486,14.2,2.8,8.1,0.0,0,0,0
2025-03-20,398,2047,2445,0.16278118609406952,7.1496500817995905,10.253977219430485,6.546073041849861,10.1,5.6,7.8,11.4,1,1,1
2025-03-21,453,1970,2423,0.18695831613702021,7.349898383546567,10.209426526857984,6.6923520642978005,9.4,2.5,6.5,7.3,1,1,1
2025-03-22,731,1881,2612,0.27986217457886675,9.82448534328739,14.415478294573642,8.040319555201133,16.5,2.5,8.3,0.0,0,0,0
2025-03-23,428,1445,1873,0.22851041110517886,9.611102100017797,14.625798948598131,8.125780126874279,8.3,-2.4,3.2,0.0,0,0,0
2025-03-24,176,1276,1452,0.12121212121212122,7.032424873737373,10.32607215909091,6.578128696447231,10.6,4.1,7.1,13.7,1,1,1
2025-03-25,412,2423,2835,0.14532627865961198,7.539779053497942,10.718967273462784,6.999198968221212,14.2,4.9,9.3,0.0,0,0,0
2025-03-26,347,2311,2658,0.13054928517682468,6.484829577376474,8.604490297790585,6.166559447569595,10.2,2.2,6.0,0.3,1,0,0
2025-03-27,470,2395,2865,0.16404886561954624,7.043252961023851,8.703302375886524,6.717481259568546,9.9,-0.5,4.6,0.0,0,0,0
2025-03-28,566,2277,2843,0.19908547309180444,7.448077095790832,9.73733804475854,6.879029358805446,15.8,4.6,10.1,1.3,1,1,0
2025-03-29,1129,2131,3260,0.346319018404908,12.92083194785276,19.257637392973134,9.563603722821837,26.4,7.3,16.0,7.3,1,1,1
2025-03-30,515,1491,2006,0.25672981056829514,8.501222549019607,12.739531521035598,7.037286183769282,13.9,5.7,8.7,0.3,1,0,0
2025-03-31,319,2066,2385,0.13375262054507336,7.673906729559748,10.93992382445141,7.169618514036786,24.0,8.2,16.6,39.2,1,1,1
2025-04-01,392,2427,2819,0.13905640297978006,6.986979094241456,7.7346582057823134,6.86621674907293,16.0,4.6,8.8,6.6,1,1,1
2025-04-02,335,2197,2532,0.13230647709320695,6.525131463928384,7.507836815920398,6.3752879077529965,8.5,0.2,4.7,0.0,0,0,0
2025-04-03,453,2295,2748,0.1648471615720524,7.085126570839398,9.5933048933039,6.590048235294118,22.4,6.7,15.2,1.5,1,1,0
2025-04-04,654,2460,3114,0.21001926782273603,8.788711175337188,14.086541819571865,7.380263516260163,21.3,12.9,17.5,7.2,1,1,1
2025-04-05,449,1335,1784,0.25168161434977576,8.018307912929746,10.930667854491462,7.0387950936329595,12.8,6.1,9.5,1.5,1,1,0
2025-04-06,441,1380,1821,0.24217462932454695,9.255431319787663,12.931444595616023,8.08070533816425,15.5,6.1,9.9,3.1,1,1,0
2025-04-07,182,1415,1597,0.11396368190356919,6.370527363807138,7.369609432234432,6.242023521790341,9.2,4.4,6.1,8.5,1,1,1
2025-04-08,307,2060,2367,0.12970004224757076,6.5069676172370094,8.434216503800217,6.219751399676376,6.8,2.0,4.6,0.0,0,0,0
2025-04-09,372,2178,2550,0.14588235294117646,6.8021347581699345,9.275453494623656,6.3796946434037345,8.4,-1.6,3.3,0.0,0,0,0
2025-04-10,374,2226,2600,0.14384615384615385,6.739999705128205,8.11945329768271,6.50823167115903,9.6,1.7,5.2,0.7,1,0,0
2025-04-11,300,1543,1843,0.16277807921866522,6.508766494845362,7.6155738333333325,6.2935738820479585,7.4,4.6,5.8,11.7,1,1,1
2025-04-12,189,908,1097,0.1722880583409298,6.929226633242176,9.054050176366843,6.486945080763583,5.7,1.6,3.9,17.2,1,1,1
2025-04-13,1066,1892,2958,0.3603786342123056,12.630409471489745,18.885200594121326,9.106304113812543,14.1,4.0,8.9,0.0,0,0,0
2025-04-14,421,2327,2748,0.1532023289665211,8.01669202450267,12.395584916864609,7.224464303108436,16.3,4.9,10.6,0.0,0,0,0
2025-04-15,543,2497,3040,0.17861842105263157,7.79914079495614,12.401787476979743,6.798244860499266,18.8,9.0,13.4,1.4,1,1,0
2025-04-16,408,2278,2686,0.1518987341772152,6.832277841896253,9.248184109477124,6.399578211881767,10.2,5.3,7.7,0.0,0,0,0
2025-04-17,702,2483,3185,0.22040816326530613,8.69417574568289,13.845836324786324,7.237685320177206,15.6,3.4,9.3,0.0,0,0,0
2025-04-18,783,2224,3007,0.2603924176920519,9.146547771865647,13.404087888463176,7.647602667865708,18.4,4.1,12.0,0.0,0,0,0
2025-04-19,1172,2024,3196,0.3667083854818523,13.919594993742178,22.823629451080773,8.763701523386034,27.1,15.7,21.0,0.1,1,0,0
2025-04-20,722,1488,2210,0.3266968325791855,12.120356787330316,18.79897167590028,8.879792305107527,22.0,10.9,16.0,0.0,0,0,0
2025-04-21,411,2217,2628,0.15639269406392695,7.325024093099949,11.77315486618005,6.500404450458578,13.6,7.3,10.6,0.3,1,0,0
2025-04-22,660,2634,3294,0.20036429872495445,8.397570016191056,12.618910126262627,7.339831036446469,27.1,11.1,18.7,0.1,1,0,0
2025-04-23,708,2633,3341,0.21191260101765938,8.631526957996607,13.125017537664784,7.423250721610331,25.1,9.8,17.6,0.0,0,0,0
2025-04-24,799,2841,3640,0.2195054945054945,8.190589358974359,11.306408239465998,7.3142995717470365,26.2,11.4,19.5,0.0,0,0,0
2025-04-25,860,2673,3533,0.24341919048966884,9.236706745919426,14.294806414728681,7.609334611547574,25.0,14.4,19.3,0.0,0,0,0
2025-04-26,809,1798,2607,0.31031837360951287,9.771658624216853,13.684016625463535,8.011315118650352,22.2,13.9,18.5,13.2,1,1,1
2025-04-27,680,1726,2406,0.2826267664172901,9.879820615128844,13.78308661764706,8.342033314020858,14.2,8.4,11.8,0.0,0,0,0
2025-04-28,716,2539,3255,0.21996927803379415,10.76745456221198,21.16236096368715,7.836082768806616,22.6,9.1,16.0,0.0,0,0,0
2025-04-29,680,2645,3325,0.20451127819548873,9.141902090225564,15.620007843137254,7.476453352236925,27.1,11.1,19.5,0.0,0,0,0
2025-04-30,725,2750,3475,0.20863309352517986,8.456600949640288,12.190024275862068,7.4723348,22.8,16.4,20.4,0.0,0,0,0
2025-05-01,734,2822,3556,0.2064116985376828,7.8456647965879265,10.882879700272479,7.055687567918733,21.2,10.2,15.7,0.0,0,0,0
2025-05-02,1056,2995,4051,0.26067637620340656,9.180229770427056,13.24562518939394,7.746821569282137,30.1,14.2,21.9,0.0,0,0,0
2025-05-03,1494,2590,4084,0.36581782566111654,12.833207619164218,18.533119533690318,9.545304761904761,29.0,18.3,22.7,8.7,1,1,1
2025-05-04,570,1467,2037,0.27982326951399117,9.967494215349369,14.816743040935673,8.083328004998863,21.3,15.3,17.8,13.6,1,1,1
2025-05-05,250,1577,1827,0.13683634373289547,6.724649051268018,9.037789666666667,6.357949524413443,20.2,14.4,16.2,12.7,1,1,1
2025-05-06,403,2194,2597,0.15517905275317675,7.172971544089334,9.290231968569065,6.7840672819811605,19.1,14.0,16.3,21.3,1,1,1
2025-05-07,738,2925,3663,0.20147420147420148,8.297825498225498,11.842613979223126,7.403448096866097,22.5,13.9,17.8,0.3,1,0,0
2025-05-08,793,3037,3830,0.2070496083550914,8.2880408616188,11.456601933585539,7.460688563275162,24.3,13.6,18.5,0.4,1,0,0
2025-05-09,378,1770,2148,0.17597765363128492,7.7152155105524525,10.80681340388007,7.054975960451977,16.9,12.2,14.3,14.6,1,1,1
2025-05-10,1394,2456,3850,0.36207792207792205,12.223202294372294,16.79485038259206,9.628382491856678,20.6,10.1,15.1,0.0,0,0,0
2025-05-11,1069,1911,2980,0.3587248322147651,14.263972046979866,21.694321842843777,10.10748647305076,23.4,11.3,17.7,0.0,0,0,0
2025-05-12,687,2713,3400,0.20205882352941176,8.684468044117647,13.747247962154296,7.402444526354588,20.4,10.9,16.2,0.0,0,0,0
2025-05-13,532,2431,2963,0.17954775565305434,7.542402896838789,10.13097694235589,6.975919395310572,20.4,14.8,17.3,3.9,1,1,0
2025-05-14,220,1140,1360,0.16176470588235295,6.406339289215687,7.354763257575757,6.223310102339181,19.2,14.9,16.3,26.5,1,1,1
2025-05-15,742,2792,3534,0.20996038483305038,8.269733960573477,10.94083519766397,7.559863932664757,23.0,15.6,18.4,4.1,1,1,0
2025-05-16,934,2626,3560,0.26235955056179777,8.787990093632958,11.81560960028551,7.711144465600406,22.4,15.2,18.1,0.9,1,0,0
2025-05-17,1582,2608,4190,0.3775656324582339,12.423634411296739,16.670197123893807,9.84769031186094,26.8,17.3,21.8,2.5,1,1,0
2025-05-18,1175,2140,3315,0.35444947209653094,13.453046515837103,19.790943687943262,9.973126339563862,23.1,14.9,19.1,0.5,1,0,0
2025-05-19,598,2517,3115,0.19197431781701443,8.916901797752809,14.32357544593088,7.632360343000927,20.1,12.1,15.9,0.0,0,0,0
2025-05-20,650,2628,3278,0.19829164124466137,8.51968111145007,12.188910512820513,7.612147203196346,18.6,8.6,13.9,0.0,0,0,0
2025-05-21,389,2049,2438,0.15955701394585725,6.838209953513808,9.169487446443872,6.395619936554416,14.0,9.6,12.2,4.0,1,1,0
2025-05-22,243,1187,1430,0.16993006993006993,6.936268974358974,8.447580589849109,6.626876621735467,12.6,9.0,10.5,22.8,1,1,1
2025-05-23,586,2129,2715,0.2158379373848987,8.443898170656844,12.327027104664392,7.375080155002348,16.8,8.8,12.0,3.2,1,1,0
2025-05-24,702,1663,2365,0.29682875264270614,10.923105482734321,16.250886823361824,8.674096161555422,17.0,8.5,13.2,0.5,1,0,0
2025-05-25,862,1648,2510,0.3434262948207171,12.986450856573706,20.25291863882444,9.185664917071197,19.2,10.4,14.9,0.0,0,0,0
2025-05-26,1094,1910,3004,0.3641810918774967,14.734557889480694,21.742140798293722,10.720790506108203,22.2,10.4,16.7,0.0,0,0,0
2025-05-27,574,2553,3127,0.18356251998720818,7.643149275130583,10.372789953542393,7.0294345280062664,25.6,11.9,18.6,0.0,0,0,0
2025-05-28,373,1851,2224,0.1677158273381295,7.096272999100719,8.966442225201073,6.719410156672069,19.0,12.4,15.7,10.6,1,1,1
2025-05-29,623,2441,3064,0.2033289817232376,7.7317985313315925,10.145520331728196,7.1157605626109515,21.6,12.7,17.2,2.9,1,1,0
2025-05-30,781,2761,3542,0.2204968944099379,8.340481916996048,10.276119504908237,7.792950965833636,23.5,16.2,19.1,7.7,1,1,1
2025-05-31,1036,2263,3299,0.3140345559260382,10.42577214307366,13.9216666988417,8.82535377817057,19.5,12.3,16.2,39.4,1,1,1
2025-06-01,993,2115,3108,0.3194980694980695,13.83123299013299,18.580523094998323,11.601424444444444,18.8,9.6,14.4,0.0,0,0,0
2025-06-02,610,2684,3294,0.18518518518518517,8.706398188625784,13.439970027322405,7.630586407103825,21.6,9.9,16.1,0.0,0,0,0
2025-06-03,782,2917,3699,0.21140848878075155,9.0262675633054,13.157162105711851,7.918842286595818,26.8,11.4,19.3,0.0,0,0,0
2025-06-04,758,2856,3614,0.2097399003873824,8.81206743220808,12.907987686895337,7.724984955648926,29.8,14.6,22.4,0.0,0,0,0
2025-06-05,852,3134,3986,0.21374811841445057,8.80923396889112,13.098250391236308,7.64323460965752,34.9,20.2,27.4,0.0,0,0,0
2025-06-06,1054,2741,3795,0.277733860342556,9.468749508124725,14.393834977862113,7.574900516843002,31.9,21.6,26.9,3.5,1,1,0
2025-06-07,830,1932,2762,0.3005068790731354,9.793807597151822,14.078664216867471,7.953004805037957,26.8,20.3,23.5,3.6,1,1,0
2025-06-08,986,2143,3129,0.31511665068712047,12.365798290188557,20.355331000676134,8.689793039352931,24.2,16.6,19.9,1.7,1,1,0
2025-06-09,482,2317,2799,0.17220435869953554,7.618458467309753,11.658404322268327,6.778038138397353,21.5,15.2,18.1,3.1,1,1,0
2025-06-10,509,2287,2796,0.18204577968526467,8.628549391988555,13.71209155206287,7.49714451246174,25.6,17.1,20.4,17.5,1,1,1
2025-06-11,814,2923,3737,0.21782178217821782,8.89326367407011,12.883599283374283,7.782030972744896,29.0,17.0,23.7,0.0,0,0,0
2025-06-12,903,2977,3880,0.2327319587628866,8.866627684707904,12.40700330380214,7.792741495913112,33.8,19.8,27.0,0.3,1,0,0
2025-06-13,998,2779,3777,0.2642308710616892,8.814317390345071,12.32279619238477,7.554345513973851,29.8,20.2,24.3,0.0,0,0,0
2025-06-14,501,1263,1764,0.28401360544217685,9.184079544595615,11.344791783100465,8.326979915545,21.0,15.9,18.4,5.3,1,1,1
2025-06-15,525,1338,1863,0.28180354267310787,10.02730798890678,14.303915587301587,8.349266890881914,19.6,15.2,17.0,5.4,1,1,1
2025-06-16,539,2422,2961,0.18203309692671396,7.908425250478442,11.647253617810762,7.0763738508120015,20.0,15.8,18.0,3.0,1,1,0
2025-06-17,539,2461,3000,0.17966666666666667,7.964146522222222,11.280479622758195,7.237814323445754,21.3,17.1,19.0,5.2,1,1,1
2025-06-18,779,2709,3488,0.22333715596330275,8.906361439220184,11.258381728712022,8.230014519502891,28.6,18.2,21.9,11.6,1,1,1
2025-06-19,767,2115,2882,0.26613462873004856,8.966095020818877,13.22950823554976,7.4199777935382185,31.4,22.0,25.9,4.7,1,1,0
2025-06-20,986,2506,3492,0.28235967926689576,10.32995220504009,15.849019912102772,8.158443522213354,28.2,18.5,23.9,0.3,1,0,0
2025-06-21,1228,1973,3201,0.3836301155888785,12.620689779235656,17.752210898479916,9.426818550430816,33.2,20.1,26.8,0.0,0,0,0
2025-06-22,867,1687,2554,0.3394675019577134,12.017509755938397,17.293845578623607,9.305842205097807,34.0,24.3,28.9,0.3,1,0,0
2025-06-23,655,2479,3134,0.20899808551372048,8.705318964050202,13.196357226463103,7.518699334409036,40.2,26.5,32.8,0.0,0,0,0
2025-06-24,723,2587,3310,0.21842900302114804,8.279561143001008,11.868975633932688,7.276412060301508,40.4,29.0,34.8,0.0,0,0,0
2025-06-25,828,2790,3618,0.22885572139303484,8.2909931315644,12.017862037037037,7.184954617682198,38.4,28.4,33.5,0.3,1,0,0
2025-06-26,777,2736,3513,0.22117847993168233,8.46532903501281,11.890521793221794,7.4926043372319695,30.6,20.0,26.0,0.3,1,0,0
2025-06-27,830,2662,3492,0.2376861397479954,8.35833787705231,11.395655240963857,7.411315558477336,23.0,17.9,20.2,7.4,1,1,1
2025-06-28,1251,2313,3564,0.351010101010101,11.910373176206509,16.330368718358645,9.519791929672863,30.5,18.1,24.3,0.7,1,0,0
2025-06-29,1163,2252,3415,0.34055636896046854,12.458892596388482,18.717958068214386,9.226524415334517,33.1,23.2,28.4,0.0,0,0,0
2025-06-30,686,2588,3274,0.209529627367135,8.626399501119936,13.56428734207969,7.31751578438949,35.0,22.7,28.6,0.7,1,0,0
2025-07-01,479,2121,2600,0.18423076923076923,7.433460769230769,9.52798152400835,6.960440759075907,32.8,24.0,27.2,8.2,1,1,1
2025-07-02,817,2669,3486,0.23436603557085484,8.928423646968827,12.32864024887801,7.8875930123641815,29.7,22.8,25.4,2.7,1,1,0
2025-07-03,849,2420,3269,0.25971245029060874,10.167321826246559,14.535673989006675,8.634788360881542,31.5,21.5,25.9,0.2,1,0,0
2025-07-04,1499,1767,3266,0.45897121861604406,15.318967268830374,20.675920713809205,10.77450025466893,28.3,18.4,23.9,0.0,0,0,0
2025-07-05,858,1563,2421,0.3543990086741016,13.18433238331268,20.25765709013209,9.301470835999147,32.4,19.1,25.9,0.0,0,0,0
2025-07-06,964,1852,2816,0.34232954545454547,12.646138991477272,19.463997665975104,9.097318385529157,34.5,21.6,28.2,0.0,0,0,0
2025-07-07,636,2616,3252,0.19557195571955718,8.158351076260763,12.531747982180294,7.095094030326198,31.6,24.2,27.5,4.1,1,1,0
2025-07-08,608,2686,3294,0.1845780206435944,7.909498077312285,10.58644528508772,7.303547257383967,37.0,23.6,28.3,15.6,1,1,1
2025-07-09,725,2795,3520,0.2059659090909091,8.65878181344697,13.307832528735634,7.452856314847943,32.3,23.0,27.5,1.6,1,1,0
2025-07-10,825,2955,3780,0.21825396825396826,8.441791335978836,11.860668525252525,7.487282476029329,27.2,22.7,24.6,18.6,1,1,1
2025-07-11,1018,2920,3938,0.2585068562722194,9.414814791772473,13.147350785854616,8.113540256849316,29.1,21.5,25.1,0.2,1,0,0
2025-07-12,1449,2498,3947,0.36711426399797314,12.452975171015963,17.917880871865655,9.282979830531092,30.6,22.6,25.5,0.2,1,0,0
2025-07-13,1225,2137,3362,0.3643664485425342,12.84702307654174,18.30751888435374,9.716883926064577,29.8,22.5,25.7,0.2,1,0,0
2025-07-14,473,1799,2272,0.20818661971830985,7.923686641725352,10.6137003875969,7.216417880303872,31.5,23.1,26.0,17.5,1,1,1
2025-07-15,716,2781,3497,0.20474692593651703,8.780141883519207,12.927230423649908,7.712426890806664,28.9,22.9,25.7,2.7,1,1,0
2025-07-16,726,2972,3698,0.196322336398053,8.186517000180277,11.616970385674932,7.348526031852849,30.6,23.1,26.8,2.2,1,1,0
2025-07-17,888,2919,3807,0.23325453112687156,8.719465812976097,12.679557057057057,7.514751518784972,33.5,23.8,28.2,1.9,1,1,0
2025-07-18,1117,2862,3979,0.2807237999497361,9.286186349166456,12.75105340196956,7.933895469368739,29.8,22.4,26.2,0.0,0,0,0
2025-07-19,1347,2301,3648,0.3692434210526316,11.854164140168129,16.91480394704281,8.891677473562218,28.3,21.1,24.9,0.0,0,0,0
2025-07-20,1084,2288,3372,0.32147093712930014,11.830025874851719,17.35119861623616,9.214225502622376,34.1,22.3,27.9,4.1,1,1,0
2025-07-21,785,2834,3619,0.21691074882564243,8.83579225845077,13.828470552016986,7.452852081863091,31.8,21.5,26.9,0.0,0,0,0
2025-07-22,733,2986,3719,0.19709599354665233,8.527922196827104,12.19508394724875,7.62771135856218,28.1,19.6,23.8,0.0,0,0,0
2025-07-23,961,3230,4191,0.22930088284418992,8.80987719319176,12.536226482830385,7.701201754385965,28.9,19.6,24.3,0.0,0,0,0
2025-07-24,961,3172,4133,0.23251875151221874,8.727234627792564,11.014684963579604,8.034220828079025,31.1,20.0,26.3,0.0,0,0,0
2025-07-25,937,2773,3710,0.2525606469002695,8.76254120395328,12.354558466737817,7.548794296189446,37.8,24.5,29.5,5.4,1,1,1
2025-07-26,1504,2531,4035,0.3727385377942999,11.65460736472532,15.86875239361702,9.15042952061109,30.6,23.6,26.4,0.0,0,0,0
2025-07-27,985,2106,3091,0.31866709802652865,11.835933214709371,17.428394602368865,9.220275823045267,30.8,22.4,25.5,9.8,1,1,1
2025-07-28,725,2807,3532,0.20526613816534542,9.0475904397886,14.856032229885058,7.547369457309109,35.2,23.6,29.8,0.0,0,0,0
2025-07-29,786,2912,3698,0.21254732287723094,8.589159270776998,13.274860793044953,7.324406043956044,39.5,24.9,32.1,0.0,0,0,0
2025-07-30,760,2995,3755,0.20239680426098536,8.357172463382158,11.903443815789474,7.457283906510851,37.5,27.0,31.0,8.4,1,1,1
2025-07-31,579,2232,2811,0.20597652081109924,7.69776048855686,10.640959211283823,6.934269422043011,31.8,19.9,26.3,7.8,1,1,1
2025-08-01,960,2801,3761,0.2552512629619782,9.6472723433484,14.702264513888888,7.914750928239914,23.0,17.8,20.1,1.3,1,1,0
2025-08-02,1308,2340,3648,0.35855263157894735,12.534531044407895,18.188087066768603,9.374338190883192,25.6,17.1,21.1,0.0,0,0,0
2025-08-03,1210,2121,3331,0.3632542779945962,13.037573256279396,19.54210426997245,9.326831848184819,28.0,16.5,22.2,0.0,0,0,0
2025-08-04,752,2889,3641,0.20653666575116728,9.204123871646985,14.39290551861702,7.853496042459906,33.2,17.0,24.5,0.0,0,0,0
2025-08-05,745,2858,3603,0.2067721343325007,8.934160990840967,13.381520984340044,7.774859662934453,31.0,19.9,24.9,0.0,0,0,0
2025-08-06,702,2826,3528,0.1989795918367347,8.096148469387755,10.474454415954416,7.505359094125974,28.5,20.9,23.7,0.8,1,0,0
2025-08-07,880,3003,3883,0.22662889518413598,8.748039844621855,12.221114356060605,7.7302890720390725,28.5,19.0,23.0,0.1,1,0,0
2025-08-08,1038,2990,4028,0.2576961271102284,9.481669174114533,13.539240350032113,8.073054163879599,28.2,17.0,22.3,0.0,0,0,0
2025-08-09,1342,2388,3730,0.35978552278820375,11.772662712243074,16.176271597118728,9.297937786152987,30.0,17.3,23.3,0.0,0,0,0
2025-08-10,1166,2219,3385,0.34446085672082716,12.414688508124076,17.90678197541452,9.528802531170196,33.2,18.4,25.7,0.0,0,0,0
2025-08-11,765,2723,3488,0.21932339449541285,8.649982669151376,13.273161938997822,7.351146039906965,32.4,20.8,26.3,0.0,0,0,0
2025-08-12,730,2956,3686,0.19804666304937601,8.795014428468077,12.309642031963472,7.927058355886333,33.3,21.1,26.9,0.0,0,0,0
2025-08-13,566,2385,2951,0.1917993900372755,7.460762668022139,9.865804151943463,6.890006491963662,32.0,23.5,27.1,9.2,1,1,1
2025-08-14,887,2988,3875,0.22890322580645162,8.639425905376344,12.954661762495302,7.358430522088353,31.3,22.6,26.4,1.0,1,1,0
2025-08-15,1034,2770,3804,0.2718191377497371,9.047335423238698,12.20637669245648,7.868112075812275,32.4,22.9,26.5,0.0,0,0,0
2025-08-16,1274,2523,3797,0.33552804845931,11.388117189008867,16.54290040554683,8.785186623067776,30.5,22.5,25.7,4.9,1,1,0
2025-08-17,1062,2058,3120,0.3403846153846154,11.601943669871796,16.909246343377276,8.863189812115323,35.3,22.0,27.2,3.4,1,1,0
2025-08-18,647,2778,3425,0.1889051094890511,8.637388452554745,13.853533822771766,7.422541060715143,25.0,18.6,21.3,0.2,1,0,0
2025-08-19,680,2976,3656,0.18599562363238512,8.428369256017506,13.336435931372549,7.306902408154122,24.2,17.5,20.9,0.0,0,0,0
2025-08-20,366,1815,2181,0.16781292984869325,6.979583822405624,9.160009881602916,6.539894600550964,22.7,15.9,19.9,2.6,1,1,0
2025-08-21,733,2636,3369,0.21757197981596912,8.365421401009202,11.798124124602092,7.410880013909964,21.9,15.8,18.3,0.0,0,0,0
2025-08-22,1089,2791,3880,0.2806701030927835,9.173939768041237,11.895806795224978,8.11191426012182,26.9,14.9,20.9,0.0,0,0,0
2025-08-23,1379,2254,3633,0.37957610789980734,12.928565767501606,18.98401551849166,9.223834087548063,28.0,17.2,22.0,0.0,0,0,0
2025-08-24,1108,2078,3186,0.3477715003138732,12.293167822766268,17.182139199759327,9.686343816169394,26.2,17.5,22.1,0.2,1,0,0
2025-08-25,759,2595,3354,0.2262969588550984,8.890061871397336,14.072896574440053,7.374157617212589,31.6,19.1,24.9,0.0,0,0,0
2025-08-26,846,2838,3684,0.2296416938110749,8.799862518096273,12.496413258471238,7.6979309020436935,27.5,17.6,22.9,0.0,0,0,0
2025-08-27,846,2953,3799,0.2226901816267439,9.047201127489691,12.86207939322301,7.954283073710351,25.0,16.5,20.7,0.1,1,0,0
2025-08-28,993,2806,3799,0.26138457488812844,9.233103882600686,13.64268382007385,7.672621745070089,27.1,15.1,21.4,0.0,0,0,0
2025-08-29,908,2588,3496,0.2597254004576659,10.086098197940505,14.17659144640235,8.65094832560536,27.4,18.0,22.4,0.0,0,0,0
2025-08-30,952,1812,2764,0.34442836468885674,12.858289302942595,18.957001838235296,9.654109207137601,25.8,14.3,20.2,0.0,0,0,0
2025-08-31,1047,1692,2739,0.3822562979189485,14.301791335037118,20.88473417701369,10.228303654452326,27.5,14.9,20.9,0.0,0,0,0
2025-09-01,1039,1907,2946,0.3526816021724372,14.512557139624349,23.624576900866217,9.548011501485755,26.6,16.6,21.6,0.0,0,0,0
2025-09-02,683,2805,3488,0.19581422018348624,8.565758677370031,12.277377403611517,7.662002673796791,26.9,16.5,21.0,0.0,0,0,0
2025-09-03,755,3150,3905,0.19334186939820744,8.276493299189074,11.546557130242824,7.492716095238095,26.4,15.5,20.5,0.0,0,0,0
2025-09-04,774,3032,3806,0.20336311087756173,8.018153625853914,10.206163867355727,7.459604837291117,25.2,16.0,20.9,4.2,1,1,0
2025-09-05,1030,3257,4287,0.24026125495684628,8.98510755773268,12.447465550161812,7.890164747722854,28.5,18.1,23.4,5.1,1,1,1
2025-09-06,1024,2237,3261,0.3140141061024226,9.724123152407238,12.31713662109375,8.537155878408582,30.1,19.1,23.7,20.4,1,1,1
2025-09-07,666,1746,2412,0.27611940298507465,10.171353848811497,13.988984034034035,8.715144396716303,20.8,16.8,18.4,17.8,1,1,1
2025-09-08,668,3105,3773,0.17704744235356482,8.849939336513826,12.828154316367264,7.9940785936661305,21.6,13.1,17.6,0.0,0,0,0
2025-09-09,743,3184,3927,0.18920295390883626,8.705304681266448,12.271785464333783,7.873051156825795,22.2,13.2,17.6,0.0,0,0,0
2025-09-10,630,2817,3447,0.18276762402088773,7.997469814331303,11.309053174603173,7.2568601171459,20.6,15.2,17.8,5.0,1,1,1
2025-09-11,899,3496,4395,0.20455062571103527,8.590241486537732,12.158763236929923,7.672592443745232,26.9,15.4,21.1,0.0,0,0,0
2025-09-12,1066,3325,4391,0.24276930084263265,8.852266628710241,12.196686225766104,7.780040676691729,27.4,16.3,21.0,0.0,0,0,0
2025-09-13,1415,2702,4117,0.34369686665047366,11.655181434701644,16.197453050647823,9.27645666173205,26.5,16.2,20.7,0.7,1,0,0
2025-09-14,1213,2617,3830,0.316710182767624,11.608228481288076,16.799705111294312,9.201938396382626,29.8,17.0,22.4,0.5,1,0,0
2025-09-15,699,3065,3764,0.1857066950053135,8.642116697662061,12.552573128278492,7.750302979880369,28.5,17.9,22.3,0.0,0,0,0
2025-09-16,704,3259,3963,0.17764319959626546,8.312914488182352,11.553952391098484,7.612794609798507,24.5,17.5,20.4,0.0,0,0,0
2025-09-17,669,3099,3768,0.17754777070063693,7.716488145789101,9.55860879422023,7.3188183446272985,21.1,17.2,19.2,6.8,1,1,1
2025-09-18,904,3421,4325,0.20901734104046243,8.347152366088633,11.455721644542773,7.525712252752607,27.4,18.2,22.2,0.1,1,0,0
2025-09-19,1105,3425,4530,0.24392935982339956,9.168493480500368,13.141826862745097,7.886585922141119,28.0,18.0,22.6,0.0,0,0,0
2025-09-20,1436,2725,4161,0.34510934871425136,11.208066494432428,15.095510190343548,9.159490660550459,23.8,14.5,18.9,0.0,0,0,0
2025-09-21,1081,2377,3458,0.31260844418739153,10.937431921149026,15.543812303422754,8.842565621932406,22.1,13.8,17.3,0.0,0,0,0
2025-09-22,682,3003,3685,0.18507462686567164,8.171680755314338,11.64003044965787,7.383996941946942,22.6,12.0,17.4,0.0,0,0,0
2025-09-23,776,3313,4089,0.18977745169968208,8.114562146409066,11.200467804982818,7.3917541805010565,29.5,16.6,22.6,6.6,1,1,1
2025-09-24,681,3177,3858,0.17651632970451012,8.190699896319336,11.752703377386197,7.427173182247403,26.6,18.4,21.9,3.0,1,1,0
2025-09-25,922,2522,3444,0.2677119628339141,8.928513080720093,12.50964978308026,7.619310844567803,24.9,19.9,22.0,48.6,1,1,1
2025-09-26,1460,3334,4794,0.3045473508552357,9.28453103532193,12.108216198630137,8.048004239152169,26.5,18.6,22.3,0.0,0,0,0
2025-09-27,1602,2763,4365,0.3670103092783505,11.396687159221075,16.009221972534334,8.72231844010134,24.4,16.9,20.7,0.1,1,0,0
2025-09-28,1366,2455,3821,0.35749803716304634,11.746695982727035,16.209765568570035,9.263374983027834,28.0,17.7,22.4,0.6,1,0,0
2025-09-29,671,3071,3742,0.17931587386424372,8.169562337430964,11.87678956780924,7.359549484424184,24.1,17.2,20.6,0.0,0,0,0
2025-09-30,844,3260,4104,0.20565302144249512,8.600594789636126,11.160300651658769,7.937897934560327,25.4,17.0,20.5,0.0,0,0,0
2025-10-01,740,3133,3873,0.19106635682933126,7.935020070574059,10.696039054054054,7.282880253218428,20.3,12.1,16.3,0.0,0,0,0
2025-10-02,764,3234,3998,0.19109554777388693,8.211185046690012,11.25465189790576,7.492196588332303,19.0,9.6,14.2,0.0,0,0,0
2025-10-03,1020,3231,4251,0.2399435426958363,9.03288323531718,12.699004444444446,7.875519065304859,22.1,9.0,15.5,0.0,0,0,0
2025-10-04,1315,2748,4063,0.32365247354171794,11.022968500287144,15.479306552598226,8.890477765647743,27.8,11.8,19.5,0.0,0,0,0
2025-10-05,1290,2485,3775,0.34172185430463575,12.154262874172185,17.005209896640824,9.63606502347418,29.8,14.4,21.4,0.0,0,0,0
2025-10-06,698,2983,3681,0.18962238522140723,8.108858697817622,10.580502196752626,7.530512347748352,26.8,14.6,20.3,0.0,0,0,0
2025-10-07,780,3173,3953,0.197318492284341,7.854010595328442,9.664058632478632,7.409057091080997,27.4,17.1,21.9,0.0,0,0,0
2025-10-08,640,2607,3247,0.1971050200184786,7.883828626424393,10.637908151041668,7.207721646848229,21.8,14.4,19.2,5.4,1,1,1
2025-10-09,853,3112,3965,0.21513240857503152,7.869967204707861,10.707341305197344,7.092242234361611,15.1,8.4,12.1,0.0,0,0,0
2025-10-10,898,2836,3734,0.24049276914836637,8.757658449384039,12.030095304380104,7.721463704748472,16.1,4.8,10.9,0.0,0,0,0
2025-10-11,747,1797,2544,0.2936320754716981,8.94256501572327,11.682363431503793,7.803650482285291,19.0,9.6,14.3,1.4,1,1,0
2025-10-12,431,1232,1663,0.25917017438364404,8.22630240529164,9.972109860788862,7.615553206168831,16.5,13.1,14.9,13.9,1,1,1
2025-10-13,255,1282,1537,0.16590761223162004,7.23022716330514,9.194860065359478,6.839446047841914,14.9,12.2,13.7,33.2,1,1,1
2025-10-14,586,2896,3482,0.16829408385985067,7.682189823856022,10.782157281001139,7.054917403314917,16.1,12.2,13.9,0.1,1,0,0
2025-10-15,688,3084,3772,0.1823966065747614,8.065315972958642,10.067706831395348,7.618608803501946,19.9,11.6,15.5,0.0,0,0,0
2025-10-16,717,2838,3555,0.20168776371308017,7.759835030473511,10.31234551371455,7.114961874559549,15.3,7.2,10.8,0.0,0,0,0
2025-10-17,889,2948,3837,0.23169142559291112,8.38871045521675,10.208945181852268,7.839799779511533,17.0,7.2,11.2,0.0,0,0,0
2025-10-18,1154,2386,3540,0.32598870056497176,9.993838201506591,13.300451097631427,8.394579491478067,17.9,6.5,12.0,0.0,0,0,0
2025-10-19,1036,2173,3209,0.3228420068557183,11.377379650981613,15.24616184041184,9.532898128547323,20.8,9.9,15.9,0.0,0,0,0
2025-10-20,395,2068,2463,0.1603735282176208,8.60300265259169,11.23161805907173,8.100921856866536,20.0,12.2,15.8,10.2,1,1,1
2025-10-21,614,2876,3490,0.17593123209169054,8.056985076408788,10.83506726384365,7.463889644181734,19.2,8.0,13.5,0.1,1,0,0
2025-10-22,678,2961,3639,0.1863149216817807,8.08680580745626,11.86189791052114,7.222397686592368,16.6,11.4,13.7,1.5,1,1,0
2025-10-23,680,2988,3668,0.18538713195201745,7.758972482733552,9.712685343137254,7.314352420794289,15.1,8.6,11.4,0.1,1,0,0
2025-10-24,828,2965,3793,0.21829686264170842,7.7285444986378415,9.472643880837358,7.241490775716695,14.9,5.8,10.2,0.0,0,0,0
2025-10-25,1067,2215,3282,0.3251066422912858,9.721003681698152,13.17066079350203,8.05925012039127,14.4,5.8,10.3,0.0,0,0,0
2025-10-26,781,2000,2781,0.280834232290543,9.86788495145631,14.138424071702946,8.200239425,14.4,6.8,10.3,0.1,1,0,0
2025-10-27,528,2686,3214,0.164281269446173,7.369829288529351,10.286092929292929,6.796565251923554,12.9,3.5,8.0,0.0,0,0,0
2025-10-28,575,2809,3384,0.16991725768321514,7.403141435185185,9.521346231884058,6.969546647680076,12.4,4.2,8.7,0.0,0,0,0
2025-10-29,540,2775,3315,0.16289592760180996,7.436341362493716,9.46660163580247,7.041263687687687,13.6,7.1,10.4,0.1,1,0,0
2025-10-30,337,1447,1784,0.1889013452914798,7.497337359865471,9.3222215628091,7.072329774245565,16.5,10.9,13.8,44.4,1,1,1
2025-10-31,824,2745,3569,0.23087699635752312,8.013085672924255,9.690580724110033,7.50953160291439,14.8,10.1,11.9,0.0,0,0,0
2025-11-01,895,2259,3154,0.2837666455294864,8.960643579581484,11.521575847299815,7.946020126899808,14.4,7.6,10.3,0.0,0,0,0
2025-11-02,873,2092,2965,0.29443507588532886,9.582316183249016,13.085387037037037,8.120470650095603,14.9,4.0,8.9,0.0,0,0,0
2025-11-03,475,2596,3071,0.15467274503419082,7.436080625203517,9.257451929824562,7.102817385721623,14.0,6.2,10.1,0.1,1,0,0
2025-11-04,567,2830,3397,0.16691198115984693,7.29315431262879,9.466857407407408,6.857645600706714,14.9,8.1,10.9,0.0,0,0,0
2025-11-05,564,2885,3449,0.16352565961148158,7.582598608292259,9.304893794326242,7.245900346620451,18.3,4.0,11.1,0.0,0,0,0
2025-11-06,541,2646,3187,0.16975211797929088,7.431525787051563,9.337165187923599,7.041899590576971,13.7,5.3,9.5,1.6,1,1,0
2025-11-07,732,2642,3374,0.2169531713100178,7.542225602647698,9.342368920765027,7.0434727983850625,15.4,1.8,8.7,0.0,0,0,0
2025-11-08,923,2378,3301,0.27961223871554075,9.719553746339493,13.381068147345612,8.298368804317352,18.5,11.9,14.2,4.8,1,1,0
2025-11-09,571,1540,2111,0.27048792041686404,8.818353237012474,12.322351079976649,7.519143647186147,16.4,8.5,12.8,0.2,1,0,0
2025-11-10,349,2106,2455,0.14215885947046844,7.151079015614392,10.050894126074498,6.670530357708135,13.9,2.2,10.1,11.9,1,1,1
2025-11-11,327,2003,2330,0.14034334763948497,6.552370822603719,9.627287257900102,6.05037497919787,4.3,0.8,2.4,0.5,1,0,0
2025-11-12,431,2468,2899,0.14867195584684373,7.293769661952397,8.68225947409126,7.051290282279849,9.2,2.2,5.5,0.0,0,0,0
2025-11-13,471,2610,3081,0.1528724440116845,7.347890181759169,8.843804458598726,7.077937835249043,10.4,5.0,7.3,1.8,1,1,0
2025-11-14,559,2615,3174,0.1761184625078765,7.4854853602184415,9.305875998807394,7.096346405353729,10.1,2.9,6.3,0.0,0,0,0
2025-11-15,581,2081,2662,0.21825694966190834,8.762762453042825,11.750014285714286,7.928743560788082,8.8,1.3,5.8,0.8,1,0,0
2025-11-16,458,1606,2064,0.22189922480620156,8.014922496770026,10.506303202328967,7.304429119966792,13.0,4.7,9.6,0.2,1,0,0
2025-11-17,324,2235,2559,0.12661195779601406,7.005754135730103,8.081028137860082,6.849875488441461,6.2,1.4,4.0,0.0,0,0,0
2025-11-18,368,2366,2734,0.1346013167520117,7.363992605462082,8.691752128623188,7.1574771766694845,7.9,0.9,4.5,0.0,0,0,0
2025-11-19,384,2110,2494,0.15396952686447474,7.058223623362738,8.949967621527778,6.713944146919432,8.2,2.0,4.8,4.6,1,1,0
2025-11-20,466,2573,3039,0.1533399144455413,7.085750806186245,8.397362660944205,6.848202759424796,7.8,0.0,3.2,0.0,0,0,0
2025-11-21,558,2555,3113,0.1792483135239319,7.39955190063176,9.331017771804062,6.977728825831703,10.9,2.5,6.9,0.0,0,0,0
2025-11-22,574,1785,2359,0.2433234421364985,8.360556966228629,10.794900987224159,7.577748300653594,11.0,4.3,7.9,5.1,1,1,1
2025-11-23,511,1485,1996,0.2560120240480962,8.229066516366066,11.216467808219178,7.20107859708193,7.7,-0.9,3.8,0.0,0,0,0
2025-11-24,395,2369,2764,0.14290882778581765,7.6918454594790155,10.211896497890296,7.271659659490642,11.4,4.2,6.8,0.0,0,0,0
2025-11-25,318,1734,2052,0.15497076023391812,7.513335339506173,9.037093134171908,7.23389186851211,12.7,2.9,7.7,10.2,1,1,1
2025-11-26,466,1940,2406,0.1936824605153782,8.056981629260182,10.08001895565093,7.571035549828179,15.4,10.9,13.2,4.6,1,1,0
2025-11-27,197,736,933,0.21114683815648447,8.6996799214005,14.311949069373942,7.197482880434782,10.4,2.5,5.6,0.0,0,0,0
2025-11-28,215,818,1033,0.20813165537270087,7.794458486608583,8.733375813953488,7.547677037489812,5.7,0.1,2.5,0.0,0,0,0
2025-11-29,307,1109,1416,0.21680790960451976,8.516127695386064,10.454347882736156,7.979578013225127,5.8,-0.2,1.8,0.0,0,0,0
2025-11-30,195,814,1009,0.19326065411298315,8.287195705318798,9.313249487179487,8.04139658067158,4.9,-0.3,2.8,3.3,1,1,0
2025-12-01,301,2160,2461,0.12230800487606663,7.283842787484763,8.74015897009967,7.080902430555556,6.1,-0.3,3.2,0.0,0,0,0
2025-12-02,188,1416,1604,0.1172069825436409,7.30312671446384,8.412445833333333,7.155844232580038,3.0,-1.6,0.8,17.2,1,1,1
2025-12-03,320,2066,2386,0.13411567476948869,7.191655399552948,8.5647784375,6.978974193288157,4.2,-1.3,1.2,0.0,0,0,0
2025-12-04,349,1970,2319,0.1504959034066408,6.901125161707633,7.819348137535816,6.738455203045685,5.4,-3.4,0.6,0.1,1,0,0
2025-12-05,322,1773,2095,0.15369928400954655,6.874434590294352,8.168614078674949,6.639394660650498,-0.8,-6.7,-3.5,0.0,0,0,0
2025-12-06,411,1637,2048,0.20068359375,7.674380493164063,9.296550689375508,7.2671037975972315,4.3,-1.8,0.5,0.4,1,0,0
2025-12-07,434,1360,1794,0.241917502787068,7.744407181345225,9.770451420890938,7.097860710784313,5.1,-1.7,1.5,0.0,0,0,0
2025-12-08,231,1823,2054,0.1124634858812074,6.82280582603051,9.138149711399711,6.529418860852076,1.8,-4.4,-1.8,0.0,0,0,0
2025-12-09,237,1944,2181,0.10866574965612105,6.643133065871924,8.781375597749648,6.382452263374486,-0.3,-7.4,-3.9,0.0,0,0,0
2025-12-10,253,1793,2046,0.12365591397849462,6.812297287390029,9.997783860342555,6.36281145194274,6.4,-0.6,2.5,3.1,1,1,0
2025-12-11,319,1897,2216,0.14395306859205775,7.048668088146811,8.3505644723093,6.82974086276577,4.0,-2.2,0.8,0.0,0,0,0
2025-12-12,346,1837,2183,0.15849748053137883,7.170467590471828,9.219623843930636,6.784507838867719,1.5,-4.8,-1.9,0.0,0,0,0
2025-12-13,405,1472,1877,0.21576984549813533,7.714079239921861,9.16903888888889,7.313767651721014,3.8,-4.4,-0.7,0.8,1,0,0
2025-12-14,105,399,504,0.20833333333333334,8.356268055555557,9.212732063492064,8.130882790309107,0.5,-7.8,-2.6,11.7,1,1,1
2025-12-15,109,997,1106,0.09855334538878843,7.540345042194093,7.476767431192661,7.547295854229355,-2.9,-8.6,-6.2,0.0,0,0,0
2025-12-16,187,1334,1521,0.12294543063773833,7.024279465264081,8.376820766488414,6.834680347326337,-2.3,-9.3,-5.6,0.0,0,0,0
2025-12-17,242,1655,1897,0.1275698471270427,7.419406457564576,9.235217837465564,7.1538920443101714,4.3,-6.4,-0.6,0.0,0,0,0
2025-12-18,354,1884,2238,0.1581769436997319,7.569923160560024,9.249345621468926,7.254362889242746,5.9,-4.6,1.6,0.0,0,0,0
2025-12-19,275,1187,1462,0.1880984952120383,7.390036240310078,9.280880121212121,6.951972156697557,14.5,-0.4,9.0,26.2,1,1,1
2025-12-20,440,1328,1768,0.248868778280543,8.79419963235294,11.095005984848486,8.031884274598394,2.5,-2.1,-0.1,0.0,0,0,0
2025-12-21,276,1049,1325,0.20830188679245282,7.943408981132076,9.8861490942029,7.432259056244042,7.9,-1.8,2.4,0.0,0,0,0
2025-12-22,239,1454,1693,0.14116952155936208,7.5167065170309115,8.609575732217573,7.337067079321412,3.1,-3.0,-0.6,0.0,0,0,0
2025-12-23,173,945,1118,0.1547406082289803,7.252286970781157,8.81478034682081,6.966243209876543,3.1,0.2,1.4,2.9,1,1,0
2025-12-24,195,930,1125,0.17333333333333334,8.5603384,9.84465299145299,8.291046630824374,7.4,-0.9,3.4,0.0,0,0,0
2025-12-25,95,388,483,0.19668737060041408,10.687684851621809,19.910682807017544,8.429476589347079,8.4,-1.6,2.0,0.0,0,0,0
2025-12-26,100,625,725,0.13793103448275862,8.722809057471265,10.8858005,8.376730426666667,-2.7,-5.8,-4.1,7.4,1,1,1
2025-12-27,47,242,289,0.16262975778546712,8.90244042675894,12.620146453900709,8.180406611570248,-1.0,-7.3,-3.6,5.3,1,1,1
2025-12-28,111,393,504,0.22023809523809523,12.041177513227513,17.201931831831832,10.583559881255303,1.0,-11.6,-5.8,0.9,1,0,0
2025-12-29,149,823,972,0.15329218106995884,7.159449897119342,8.901307382550335,6.84409538274605,7.3,-1.4,3.5,3.9,1,1,0
2025-12-30,187,969,1156,0.16176470588235295,7.772918742791234,9.68636247771836,7.403657671138631,-0.2,-3.0,-1.3,0.0,0,0,0
2025-12-31,213,944,1157,0.18409680207433016,7.923630178622876,9.743940923317684,7.5129032838983045,-0.2,-3.7,-2.2,0.0,0,0,0
